"","text","favorited","favoriteCount","replyToSN","created","truncated","replyToSID","id","replyToUID","statusSource","screenName","retweetCount","isRetweet","retweeted","longitude","latitude"
"1","Critics review #iPhone7 #waterresistance #camera best features https://t.co/XxloWUzF8K",FALSE,0,NA,2016-12-07 19:01:06,FALSE,NA,"806574271665471491",NA,"<a href=""http://www.hootsuite.com"" rel=""nofollow"">Hootsuite</a>","SaintRenita",0,FALSE,FALSE,NA,NA
"2","RT @NathTav0303: When @Apple iPhone 7's camera is as good as a professional camera: https://t.co/OtMnVVFX6W #advertising #iphone7",FALSE,0,NA,2016-12-07 18:15:12,FALSE,NA,"806562719751147520",NA,"<a href=""http://event.bennybot-private.com/"" rel=""nofollow"">Compte_6_API_1</a>","sergeyfadeevy02",1,TRUE,FALSE,NA,NA
"3","When @Apple iPhone 7's camera is as good as a professional camera: https://t.co/OtMnVVFX6W #advertising #iphone7",FALSE,0,NA,2016-12-07 18:14:50,FALSE,NA,"806562628772298753",NA,"<a href=""http://twitter.com/download/iphone"" rel=""nofollow"">Twitter for iPhone</a>","NathTav0303",1,FALSE,FALSE,NA,NA
"4","iPhone 7 to Feature Dual-Camera... https://t.co/K93lhcoF8V
 #Apple #Camera #DualCamera #iOS #iPads #iPhone #IPhone7 #KGI #MacBooks #TimCook",FALSE,0,NA,2016-12-07 17:24:25,FALSE,NA,"806549939392311297",NA,"<a href=""http://winthecustomer.com/"" rel=""nofollow"">Win the Customer</a>","moyinoluwa_mm",0,FALSE,FALSE,NA,NA
"5","I need help! I am buying a new phone soon, but am undecided! #Iphone7 or #GalaxyS7  I want a good camera and battery life. Which is best??",FALSE,0,NA,2016-12-07 17:17:31,FALSE,NA,"806548206070931460",NA,"<a href=""http://twitter.com/download/android"" rel=""nofollow"">Twitter for Android</a>","MrsTullis125",0,FALSE,FALSE,NA,NA
"6","Critics review #iPhone7 #waterresistance #camera best features https://t.co/2pXudalwXM",FALSE,0,NA,2016-12-07 16:30:34,FALSE,NA,"806536390494289922",NA,"<a href=""http://www.hootsuite.com"" rel=""nofollow"">Hootsuite</a>","divyasharma767",0,FALSE,FALSE,NA,NA
"7","RT @jamesatcoywood: Apple says iPhone 7 video is as good as a movie camera https://t.co/hpdrgtmY6P #iphone7",FALSE,0,NA,2016-12-07 12:35:05,FALSE,NA,"806477128795615232",NA,"<a href=""http://www.smartprotektor.com"" rel=""nofollow"">@Smart_Protektor</a>","Smart_Protektor",1,TRUE,FALSE,NA,NA
"8","RT @Shoji_NY: Micks took this picture and I was surprised about quality of iPhone 7's camera<ed><U+00A0><U+00BD><ed><U+00B8><U+0082><ed><U+00A0><U+00BD><ed><U+00B8><U+0082>
#projecttaro #iphone7 #<U+767D><U+9ED2> #<U+753B><U+8CEA> # https://t.co…",FALSE,0,NA,2016-12-07 11:58:14,FALSE,NA,"806467853348048896",NA,"<a href=""http://twitter.com/download/iphone"" rel=""nofollow"">Twitter for iPhone</a>","akr__823",468,TRUE,FALSE,NA,NA
"9","RT @Shoji_NY: Micks took this picture and I was surprised about quality of iPhone 7's camera<ed><U+00A0><U+00BD><ed><U+00B8><U+0082><ed><U+00A0><U+00BD><ed><U+00B8><U+0082>
#projecttaro #iphone7 #<U+767D><U+9ED2> #<U+753B><U+8CEA> # https://t.co…",FALSE,0,NA,2016-12-07 11:23:41,FALSE,NA,"806459160694923264",NA,"<a href=""http://twitter.com/download/android"" rel=""nofollow"">Twitter for Android</a>","risa1412gene",468,TRUE,FALSE,NA,NA
"10","RT @Shoji_NY: Micks took this picture and I was surprised about quality of iPhone 7's camera<ed><U+00A0><U+00BD><ed><U+00B8><U+0082><ed><U+00A0><U+00BD><ed><U+00B8><U+0082>
#projecttaro #iphone7 #<U+767D><U+9ED2> #<U+753B><U+8CEA> # https://t.co…",FALSE,0,NA,2016-12-07 11:18:10,FALSE,NA,"806457770060877824",NA,"<a href=""http://twitter.com/download/iphone"" rel=""nofollow"">Twitter for iPhone</a>","amh_ny",468,TRUE,FALSE,NA,NA
"11","iPhone 7 Plus Camera Holds Its Own Against $50,000 RED Weapon

https://t.co/p2hQOuS1UG
#iPhone7 #photography… https://t.co/GhnWwhynek",FALSE,0,NA,2016-12-07 10:16:01,TRUE,NA,"806442131455963136",NA,"<a href=""http://bufferapp.com"" rel=""nofollow"">Buffer</a>","archwizard",0,FALSE,FALSE,NA,NA
"12","RT @Shoji_NY: Micks took this picture and I was surprised about quality of iPhone 7's camera<ed><U+00A0><U+00BD><ed><U+00B8><U+0082><ed><U+00A0><U+00BD><ed><U+00B8><U+0082>
#projecttaro #iphone7 #<U+767D><U+9ED2> #<U+753B><U+8CEA> # https://t.co…",FALSE,0,NA,2016-12-07 09:47:31,FALSE,NA,"806434959917318145",NA,"<a href=""http://twitter.com/download/iphone"" rel=""nofollow"">Twitter for iPhone</a>","Shi_ka_Quiet",468,TRUE,FALSE,NA,NA
"13","camera #iphone7 edit #lightroommobile thanks for model #vscoeurope #afterlight #vscolife #TagsForLikes #vscoism... https://t.co/MjXkV60VoS",FALSE,0,NA,2016-12-07 09:40:46,FALSE,NA,"806433260184227840",NA,"<a href=""http://www.facebook.com/twitter"" rel=""nofollow"">Facebook</a>","nezihig",0,FALSE,FALSE,NA,NA
"14","camera #iphone7 edit #lightroommobile thanks for model #vscoeurope #afterlight #vscolife… https://t.co/puyGpFLsNR",FALSE,0,NA,2016-12-07 09:40:43,FALSE,NA,"806433248163328000",NA,"<a href=""http://instagram.com"" rel=""nofollow"">Instagram</a>","nezihig",0,FALSE,FALSE,NA,NA
"15","RT @Shoji_NY: Micks took this picture and I was surprised about quality of iPhone 7's camera<ed><U+00A0><U+00BD><ed><U+00B8><U+0082><ed><U+00A0><U+00BD><ed><U+00B8><U+0082>
#projecttaro #iphone7 #<U+767D><U+9ED2> #<U+753B><U+8CEA> # https://t.co…",FALSE,0,NA,2016-12-07 09:35:34,FALSE,NA,"806431952110690305",NA,"<a href=""http://twitter.com/download/iphone"" rel=""nofollow"">Twitter for iPhone</a>","0305__azusa",468,TRUE,FALSE,NA,NA
"16","RT @Shoji_NY: Micks took this picture and I was surprised about quality of iPhone 7's camera<ed><U+00A0><U+00BD><ed><U+00B8><U+0082><ed><U+00A0><U+00BD><ed><U+00B8><U+0082>
#projecttaro #iphone7 #<U+767D><U+9ED2> #<U+753B><U+8CEA> # https://t.co…",FALSE,0,NA,2016-12-07 08:55:46,FALSE,NA,"806421933235372032",NA,"<a href=""http://twitter.com/download/iphone"" rel=""nofollow"">Twitter for iPhone</a>","taitan0622_taro",468,TRUE,FALSE,NA,NA
"17","RT @Shoji_NY: Micks took this picture and I was surprised about quality of iPhone 7's camera<ed><U+00A0><U+00BD><ed><U+00B8><U+0082><ed><U+00A0><U+00BD><ed><U+00B8><U+0082>
#projecttaro #iphone7 #<U+767D><U+9ED2> #<U+753B><U+8CEA> # https://t.co…",FALSE,0,NA,2016-12-07 08:43:27,FALSE,NA,"806418835108573184",NA,"<a href=""http://twitter.com/download/iphone"" rel=""nofollow"">Twitter for iPhone</a>","MAAYA_RYUJI",468,TRUE,FALSE,NA,NA
"18","RT @Shoji_NY: Micks took this picture and I was surprised about quality of iPhone 7's camera<ed><U+00A0><U+00BD><ed><U+00B8><U+0082><ed><U+00A0><U+00BD><ed><U+00B8><U+0082>
#projecttaro #iphone7 #<U+767D><U+9ED2> #<U+753B><U+8CEA> # https://t.co…",FALSE,0,NA,2016-12-07 08:40:20,FALSE,NA,"806418050039758848",NA,"<a href=""http://twitter.com/download/iphone"" rel=""nofollow"">Twitter for iPhone</a>","kaho_1105re",468,TRUE,FALSE,NA,NA
"19","RT @Shoji_NY: Micks took this picture and I was surprised about quality of iPhone 7's camera<ed><U+00A0><U+00BD><ed><U+00B8><U+0082><ed><U+00A0><U+00BD><ed><U+00B8><U+0082>
#projecttaro #iphone7 #<U+767D><U+9ED2> #<U+753B><U+8CEA> # https://t.co…",FALSE,0,NA,2016-12-07 08:13:29,FALSE,NA,"806411295045992448",NA,"<a href=""http://twitter.com/download/iphone"" rel=""nofollow"">Twitter for iPhone</a>","Haruna_3jsb_LGM",468,TRUE,FALSE,NA,NA
"20","Apple says iPhone 7 video is as good as a movie camera https://t.co/hpdrgtmY6P #iphone7",FALSE,0,NA,2016-12-07 08:00:49,FALSE,NA,"806408105189842944",NA,"<a href=""http://www.hootsuite.com"" rel=""nofollow"">Hootsuite</a>","jamesatcoywood",1,FALSE,FALSE,NA,NA
"21","RT @Shoji_NY: Micks took this picture and I was surprised about quality of iPhone 7's camera<ed><U+00A0><U+00BD><ed><U+00B8><U+0082><ed><U+00A0><U+00BD><ed><U+00B8><U+0082>
#projecttaro #iphone7 #<U+767D><U+9ED2> #<U+753B><U+8CEA> # https://t.co…",FALSE,0,NA,2016-12-07 07:53:45,FALSE,NA,"806406329543880704",NA,"<a href=""http://twitter.com/download/iphone"" rel=""nofollow"">Twitter for iPhone</a>","RRRE0712Yui_",468,TRUE,FALSE,NA,NA
"22","#iphoneography - #iphone7 camera is <ed><U+00A0><U+00BD><ed><U+00B1><U+008C><ed><U+00A0><U+00BC><ed><U+00BF><U+00BB><ed><U+00A0><U+00BD><ed><U+00B1><U+008C><ed><U+00A0><U+00BC><ed><U+00BF><U+00BB><ed><U+00A0><U+00BD><ed><U+00B1><U+008C><ed><U+00A0><U+00BC><ed><U+00BF><U+00BB> even with the reduced upload quality. Money well spent <ed><U+00A0><U+00BD><ed><U+00B8><U+008D> https://t.co/Wo8lobWEWP",FALSE,0,NA,2016-12-07 06:54:22,FALSE,NA,"806391382386606080",NA,"<a href=""http://twitter.com/download/iphone"" rel=""nofollow"">Twitter for iPhone</a>","bethcvale",0,FALSE,FALSE,NA,NA
"23","We sent the #iPhone7 to our test lab to see if it's rocking the best smartphone camera ever. Here's what we found:… https://t.co/n7mzhcEapT",FALSE,1,NA,2016-12-07 06:30:23,TRUE,NA,"806385346573455360",NA,"<a href=""http://www.hootsuite.com"" rel=""nofollow"">Hootsuite</a>","WhichTech",0,FALSE,FALSE,NA,NA
"24","RT @Shoji_NY: Micks took this picture and I was surprised about quality of iPhone 7's camera<ed><U+00A0><U+00BD><ed><U+00B8><U+0082><ed><U+00A0><U+00BD><ed><U+00B8><U+0082>
#projecttaro #iphone7 #<U+767D><U+9ED2> #<U+753B><U+8CEA> # https://t.co…",FALSE,0,NA,2016-12-07 06:12:25,FALSE,NA,"806380827798016000",NA,"<a href=""http://twitter.com/#!/download/ipad"" rel=""nofollow"">Twitter for iPad</a>","karenmkmh",468,TRUE,FALSE,NA,NA
"25","RT @Shoji_NY: Micks took this picture and I was surprised about quality of iPhone 7's camera<ed><U+00A0><U+00BD><ed><U+00B8><U+0082><ed><U+00A0><U+00BD><ed><U+00B8><U+0082>
#projecttaro #iphone7 #<U+767D><U+9ED2> #<U+753B><U+8CEA> # https://t.co…",FALSE,0,NA,2016-12-07 05:53:37,FALSE,NA,"806376095876530177",NA,"<a href=""http://twitter.com/download/iphone"" rel=""nofollow"">Twitter for iPhone</a>","kny_nn1027",468,TRUE,FALSE,NA,NA
"26","RT @Shoji_NY: Micks took this picture and I was surprised about quality of iPhone 7's camera<ed><U+00A0><U+00BD><ed><U+00B8><U+0082><ed><U+00A0><U+00BD><ed><U+00B8><U+0082>
#projecttaro #iphone7 #<U+767D><U+9ED2> #<U+753B><U+8CEA> # https://t.co…",FALSE,0,NA,2016-12-07 04:18:50,FALSE,NA,"806352242794082304",NA,"<a href=""http://twitter.com/download/iphone"" rel=""nofollow"">Twitter for iPhone</a>","AYA37047267",468,TRUE,FALSE,NA,NA
"27","RT @Shoji_NY: Micks took this picture and I was surprised about quality of iPhone 7's camera<ed><U+00A0><U+00BD><ed><U+00B8><U+0082><ed><U+00A0><U+00BD><ed><U+00B8><U+0082>
#projecttaro #iphone7 #<U+767D><U+9ED2> #<U+753B><U+8CEA> # https://t.co…",FALSE,0,NA,2016-12-07 04:05:26,FALSE,NA,"806348869000773632",NA,"<a href=""http://twitter.com/download/iphone"" rel=""nofollow"">Twitter for iPhone</a>","___Micks",468,TRUE,FALSE,NA,NA
"28","RT @Shoji_NY: Micks took this picture and I was surprised about quality of iPhone 7's camera<ed><U+00A0><U+00BD><ed><U+00B8><U+0082><ed><U+00A0><U+00BD><ed><U+00B8><U+0082>
#projecttaro #iphone7 #<U+767D><U+9ED2> #<U+753B><U+8CEA> # https://t.co…",FALSE,0,NA,2016-12-07 04:03:12,FALSE,NA,"806348309929422848",NA,"<a href=""http://twitter.com/download/iphone"" rel=""nofollow"">Twitter for iPhone</a>","project_yuto",468,TRUE,FALSE,NA,NA
"29","RT @Shoji_NY: Micks took this picture and I was surprised about quality of iPhone 7's camera<ed><U+00A0><U+00BD><ed><U+00B8><U+0082><ed><U+00A0><U+00BD><ed><U+00B8><U+0082>
#projecttaro #iphone7 #<U+767D><U+9ED2> #<U+753B><U+8CEA> # https://t.co…",FALSE,0,NA,2016-12-07 03:58:49,FALSE,NA,"806347202855481344",NA,"<a href=""http://twitter.com/download/iphone"" rel=""nofollow"">Twitter for iPhone</a>","aym_mnm_taro_",468,TRUE,FALSE,NA,NA
"30","RT @Shoji_NY: Micks took this picture and I was surprised about quality of iPhone 7's camera<ed><U+00A0><U+00BD><ed><U+00B8><U+0082><ed><U+00A0><U+00BD><ed><U+00B8><U+0082>
#projecttaro #iphone7 #<U+767D><U+9ED2> #<U+753B><U+8CEA> # https://t.co…",FALSE,0,NA,2016-12-07 03:56:58,FALSE,NA,"806346740383105024",NA,"<a href=""http://twitter.com/download/iphone"" rel=""nofollow"">Twitter for iPhone</a>","a_ayumu_i",468,TRUE,FALSE,NA,NA
"31","RT @Shoji_NY: Micks took this picture and I was surprised about quality of iPhone 7's camera<ed><U+00A0><U+00BD><ed><U+00B8><U+0082><ed><U+00A0><U+00BD><ed><U+00B8><U+0082>
#projecttaro #iphone7 #<U+767D><U+9ED2> #<U+753B><U+8CEA> # https://t.co…",FALSE,0,NA,2016-12-07 01:10:59,FALSE,NA,"806304969460584448",NA,"<a href=""http://twitter.com/download/iphone"" rel=""nofollow"">Twitter for iPhone</a>","ho6na3",468,TRUE,FALSE,NA,NA
"32","RT @Shoji_NY: Micks took this picture and I was surprised about quality of iPhone 7's camera<ed><U+00A0><U+00BD><ed><U+00B8><U+0082><ed><U+00A0><U+00BD><ed><U+00B8><U+0082>
#projecttaro #iphone7 #<U+767D><U+9ED2> #<U+753B><U+8CEA> # https://t.co…",FALSE,0,NA,2016-12-07 00:48:52,FALSE,NA,"806299402973233152",NA,"<a href=""http://twitter.com/download/iphone"" rel=""nofollow"">Twitter for iPhone</a>","ex_fam2403",468,TRUE,FALSE,NA,NA
"33","RT @andreascseh: #Apple #iPhone7 Explosion Caught on Camera $AAPL #iPhone7Plus #Note7 https://t.co/XuluQhE73N 
@www_mfor_hu https://t.co/hs…",FALSE,0,NA,2016-12-07 00:24:49,FALSE,NA,"806293348877094912",NA,"<a href=""http://twitter.com"" rel=""nofollow"">Twitter Web Client</a>","inveurh",2,TRUE,FALSE,NA,NA
"34","#Apple says #iPhone7 video is as good as a movie camera https://t.co/GsbL5ak2xq #UX",FALSE,0,NA,2016-12-06 23:52:12,FALSE,NA,"806285143547650049",NA,"<a href=""http://twitter.com"" rel=""nofollow"">Twitter Web Client</a>","ZappyZappy7",0,FALSE,FALSE,NA,NA
"35","RT @Shoji_NY: Micks took this picture and I was surprised about quality of iPhone 7's camera<ed><U+00A0><U+00BD><ed><U+00B8><U+0082><ed><U+00A0><U+00BD><ed><U+00B8><U+0082>
#projecttaro #iphone7 #<U+767D><U+9ED2> #<U+753B><U+8CEA> # https://t.co…",FALSE,0,NA,2016-12-06 23:30:56,FALSE,NA,"806279789841551360",NA,"<a href=""http://twitter.com/download/iphone"" rel=""nofollow"">Twitter for iPhone</a>","ex_3jsb_gene381",468,TRUE,FALSE,NA,NA
"36","RT @Shoji_NY: Micks took this picture and I was surprised about quality of iPhone 7's camera<ed><U+00A0><U+00BD><ed><U+00B8><U+0082><ed><U+00A0><U+00BD><ed><U+00B8><U+0082>
#projecttaro #iphone7 #<U+767D><U+9ED2> #<U+753B><U+8CEA> # https://t.co…",FALSE,0,NA,2016-12-06 23:09:54,FALSE,NA,"806274496676052992",NA,"<a href=""http://twitter.com/download/iphone"" rel=""nofollow"">Twitter for iPhone</a>","c_ex_3jsb_gene",468,TRUE,FALSE,NA,NA
"37","RT @TheCarlosPena: anyone staying up tonight to pre order #iphone7 ? Need that new camera for when baby Ocean comes!",FALSE,0,NA,2016-12-06 22:53:34,FALSE,NA,"806270385230585856",NA,"<a href=""http://twitter.com/download/android"" rel=""nofollow"">Twitter for Android</a>","Rusher4ever2345",929,TRUE,FALSE,NA,NA
"38","RT @Shoji_NY: Micks took this picture and I was surprised about quality of iPhone 7's camera<ed><U+00A0><U+00BD><ed><U+00B8><U+0082><ed><U+00A0><U+00BD><ed><U+00B8><U+0082>
#projecttaro #iphone7 #<U+767D><U+9ED2> #<U+753B><U+8CEA> # https://t.co…",FALSE,0,NA,2016-12-06 22:41:05,FALSE,NA,"806267243382247425",NA,"<a href=""http://twitter.com/download/iphone"" rel=""nofollow"">Twitter for iPhone</a>","miumi_yuto",468,TRUE,FALSE,NA,NA
"39","New #iphone7 camera is <ed><U+00A0><U+00BD><ed><U+00B2><U+00A6> #instrumental #organic #wemakemusic #trapjazz #producergrind… https://t.co/UxV4iBlRXa",FALSE,0,NA,2016-12-06 22:22:20,FALSE,NA,"806262525767647236",NA,"<a href=""http://instagram.com"" rel=""nofollow"">Instagram</a>","TheLetterLBeats",0,FALSE,FALSE,NA,NA
"40","RT @Shoji_NY: Micks took this picture and I was surprised about quality of iPhone 7's camera<ed><U+00A0><U+00BD><ed><U+00B8><U+0082><ed><U+00A0><U+00BD><ed><U+00B8><U+0082>
#projecttaro #iphone7 #<U+767D><U+9ED2> #<U+753B><U+8CEA> # https://t.co…",FALSE,0,NA,2016-12-06 21:45:40,FALSE,NA,"806253299133386752",NA,"<a href=""http://twitter.com"" rel=""nofollow"">Twitter Web Client</a>","AirGullveig",468,TRUE,FALSE,NA,NA
"41","RT @Shoji_NY: Micks took this picture and I was surprised about quality of iPhone 7's camera<ed><U+00A0><U+00BD><ed><U+00B8><U+0082><ed><U+00A0><U+00BD><ed><U+00B8><U+0082>
#projecttaro #iphone7 #<U+767D><U+9ED2> #<U+753B><U+8CEA> # https://t.co…",FALSE,0,NA,2016-12-06 21:42:47,FALSE,NA,"806252571182526464",NA,"<a href=""http://twitter.com/download/iphone"" rel=""nofollow"">Twitter for iPhone</a>","0306Mao0306",468,TRUE,FALSE,NA,NA
"42","RT @Angiecre8: Finished #painting?
Then took #photo with #iphone7 #camera &amp; got a fresh perspective on #ipadscreen
Amazing tools 4 #artists…",FALSE,0,NA,2016-12-06 21:41:50,FALSE,NA,"806252334091112448",NA,"<a href=""http://twitter.com"" rel=""nofollow"">Twitter Web Client</a>","yeisato",24,TRUE,FALSE,NA,NA
"43","Apple Releases New ‘Romeo and Juliet’ Ad Highlighting iPhone #virtualreality #iphone7 https://t.co/mFiCqQWt2l https://t.co/IEM7X2ybM8",FALSE,1,NA,2016-12-06 20:50:21,FALSE,NA,"806239378255314944",NA,"<a href=""http://www.socialcloudsuite.com"" rel=""nofollow"">SocialCloudSuite</a>","ihnich_adil",0,FALSE,FALSE,NA,NA
"44","RT @Angiecre8: Finished #painting?
Then took #photo with #iphone7 #camera &amp; got a fresh perspective on #ipadscreen
Amazing tools 4 #artists…",FALSE,0,NA,2016-12-06 20:48:27,FALSE,NA,"806238898246615040",NA,"<a href=""http://twitter.com"" rel=""nofollow"">Twitter Web Client</a>","BakCetin",24,TRUE,FALSE,NA,NA
"45","RT @Shoji_NY: Micks took this picture and I was surprised about quality of iPhone 7's camera<ed><U+00A0><U+00BD><ed><U+00B8><U+0082><ed><U+00A0><U+00BD><ed><U+00B8><U+0082>
#projecttaro #iphone7 #<U+767D><U+9ED2> #<U+753B><U+8CEA> # https://t.co…",FALSE,0,NA,2016-12-06 16:28:59,FALSE,NA,"806173603792158721",NA,"<a href=""http://twitter.com/download/iphone"" rel=""nofollow"">Twitter for iPhone</a>","omi_LDHshi",468,TRUE,FALSE,NA,NA
"46","RT @Shoji_NY: Micks took this picture and I was surprised about quality of iPhone 7's camera<ed><U+00A0><U+00BD><ed><U+00B8><U+0082><ed><U+00A0><U+00BD><ed><U+00B8><U+0082>
#projecttaro #iphone7 #<U+767D><U+9ED2> #<U+753B><U+8CEA> # https://t.co…",FALSE,0,NA,2016-12-06 16:12:51,FALSE,NA,"806169542032400384",NA,"<a href=""http://twitter.com/download/iphone"" rel=""nofollow"">Twitter for iPhone</a>","3mansel",468,TRUE,FALSE,NA,NA
"47","RT @Shoji_NY: Micks took this picture and I was surprised about quality of iPhone 7's camera<ed><U+00A0><U+00BD><ed><U+00B8><U+0082><ed><U+00A0><U+00BD><ed><U+00B8><U+0082>
#projecttaro #iphone7 #<U+767D><U+9ED2> #<U+753B><U+8CEA> # https://t.co…",FALSE,0,NA,2016-12-06 15:14:14,FALSE,NA,"806154791088832513",NA,"<a href=""http://twitter.com/download/iphone"" rel=""nofollow"">Twitter for iPhone</a>","ItsMe_AMNB",468,TRUE,FALSE,NA,NA
"48","RT @Shoji_NY: Micks took this picture and I was surprised about quality of iPhone 7's camera<ed><U+00A0><U+00BD><ed><U+00B8><U+0082><ed><U+00A0><U+00BD><ed><U+00B8><U+0082>
#projecttaro #iphone7 #<U+767D><U+9ED2> #<U+753B><U+8CEA> # https://t.co…",FALSE,0,NA,2016-12-06 15:06:41,FALSE,NA,"806152890192494592",NA,"<a href=""http://twitter.com/download/iphone"" rel=""nofollow"">Twitter for iPhone</a>","RY____lov89",468,TRUE,FALSE,NA,NA
"49","RT @Shoji_NY: Micks took this picture and I was surprised about quality of iPhone 7's camera<ed><U+00A0><U+00BD><ed><U+00B8><U+0082><ed><U+00A0><U+00BD><ed><U+00B8><U+0082>
#projecttaro #iphone7 #<U+767D><U+9ED2> #<U+753B><U+8CEA> # https://t.co…",FALSE,0,NA,2016-12-06 15:03:07,FALSE,NA,"806151992447860736",NA,"<a href=""http://twitter.com/download/android"" rel=""nofollow"">Twitter for Android</a>","X8Rx8KaHdQIcjzP",468,TRUE,FALSE,NA,NA
"50","Here's what you can do with camera on #iPhone7 https://t.co/ZYSnPB6F57",FALSE,0,NA,2016-12-06 15:01:01,FALSE,NA,"806151465450475520",NA,"<a href=""http://www.hootsuite.com"" rel=""nofollow"">Hootsuite</a>","Padraicino",0,FALSE,FALSE,NA,NA
"51","RT @Shoji_NY: Micks took this picture and I was surprised about quality of iPhone 7's camera<ed><U+00A0><U+00BD><ed><U+00B8><U+0082><ed><U+00A0><U+00BD><ed><U+00B8><U+0082>
#projecttaro #iphone7 #<U+767D><U+9ED2> #<U+753B><U+8CEA> # https://t.co…",FALSE,0,NA,2016-12-06 14:59:50,FALSE,NA,"806151167973597184",NA,"<a href=""http://twitter.com/download/iphone"" rel=""nofollow"">Twitter for iPhone</a>","tami_miu",468,TRUE,FALSE,NA,NA
"52","Apple's 'Romeo and Juliet' ad puts iPhone 7 Plus camera in focus #virtualreality #iphone7 https://t.co/KzN8FPxrm2 https://t.co/2kqSBVClSB",FALSE,1,NA,2016-12-06 14:48:29,FALSE,NA,"806148310327246848",NA,"<a href=""http://www.socialcloudsuite.com"" rel=""nofollow"">SocialCloudSuite</a>","ihnich_adil",0,FALSE,FALSE,NA,NA
"53","RT @allenross356: Apple says iPhone 7 video is as good as a movie camera https://t.co/gBrsjGk85h #CNET #technology #apple #iphone7 #video #…",FALSE,0,NA,2016-12-06 14:43:21,FALSE,NA,"806147020494872576",NA,"<a href=""http://igisnust.weebly.com"" rel=""nofollow"">iRetweeter</a>","iSarahJean",2,TRUE,FALSE,NA,NA
"54","$AAPL #Apple Romeo and Juliet Ad Shows #iPhone7 Dual Camera Capabilities - https://t.co/L4jzAoCuw0",FALSE,2,NA,2016-12-06 14:42:40,FALSE,NA,"806146846649421824",NA,"<a href=""http://twitter.com"" rel=""nofollow"">Twitter Web Client</a>","JessicaParrish0",0,FALSE,FALSE,NA,NA
"55","RT @allenross356: Apple says iPhone 7 video is as good as a movie camera https://t.co/gBrsjGk85h #CNET #technology #apple #iphone7 #video #…",FALSE,0,NA,2016-12-06 14:36:41,FALSE,NA,"806145343201153028",NA,"<a href=""http://twitter.com"" rel=""nofollow"">Twitter Web Client</a>","sjltx1963",2,TRUE,FALSE,NA,NA
"56","Apple says iPhone 7 video is as good as a movie camera https://t.co/gBrsjGk85h #CNET #technology #apple #iphone7 #video #movie #camera",FALSE,2,NA,2016-12-06 14:36:24,FALSE,NA,"806145270627049472",NA,"<a href=""http://twitter.com"" rel=""nofollow"">Twitter Web Client</a>","allenross356",2,FALSE,FALSE,NA,NA
"57","RT @andreascseh: #Apple #iPhone7 Explosion Caught on Camera $AAPL #iPhone7Plus #Note7 https://t.co/XuluQhE73N 
@www_mfor_hu https://t.co/hs…",FALSE,0,NA,2016-12-06 14:28:57,FALSE,NA,"806143395919822848",NA,"<a href=""http://twitter.com/download/android"" rel=""nofollow"">Twitter for Android</a>","notyourcountry",2,TRUE,FALSE,NA,NA
"58","RT @Shoji_NY: Micks took this picture and I was surprised about quality of iPhone 7's camera<ed><U+00A0><U+00BD><ed><U+00B8><U+0082><ed><U+00A0><U+00BD><ed><U+00B8><U+0082>
#projecttaro #iphone7 #<U+767D><U+9ED2> #<U+753B><U+8CEA> # https://t.co…",FALSE,0,NA,2016-12-06 14:25:52,FALSE,NA,"806142618929270784",NA,"<a href=""http://twitter.com/download/iphone"" rel=""nofollow"">Twitter for iPhone</a>","TARO0810_LOVE",468,TRUE,FALSE,NA,NA
"59","RT @Shoji_NY: Micks took this picture and I was surprised about quality of iPhone 7's camera<ed><U+00A0><U+00BD><ed><U+00B8><U+0082><ed><U+00A0><U+00BD><ed><U+00B8><U+0082>
#projecttaro #iphone7 #<U+767D><U+9ED2> #<U+753B><U+8CEA> # https://t.co…",FALSE,0,NA,2016-12-06 14:25:51,FALSE,NA,"806142616131674113",NA,"<a href=""http://twitter.com"" rel=""nofollow"">Twitter Web Client</a>","Summer_Love716",468,TRUE,FALSE,NA,NA
"60","RT @iPhoneHackx: Apple Releases New ‘Romeo and Juliet’ Ad Highlighting iPhone 7’s Camera https://t.co/5fzFI03oHk #AppleNews #iPhone7 https:…",FALSE,0,NA,2016-12-06 14:15:31,FALSE,NA,"806140013540937728",NA,"<a href=""http://twitter.com/download/iphone"" rel=""nofollow"">Twitter for iPhone</a>","jonathanmoya123",1,TRUE,FALSE,NA,NA
"61","RT @Shoji_NY: Micks took this picture and I was surprised about quality of iPhone 7's camera<ed><U+00A0><U+00BD><ed><U+00B8><U+0082><ed><U+00A0><U+00BD><ed><U+00B8><U+0082>
#projecttaro #iphone7 #<U+767D><U+9ED2> #<U+753B><U+8CEA> # https://t.co…",FALSE,0,NA,2016-12-06 14:12:30,FALSE,NA,"806139254053040128",NA,"<a href=""http://twitter.com/download/iphone"" rel=""nofollow"">Twitter for iPhone</a>","Ldh_012_ruu",468,TRUE,FALSE,NA,NA
"62","Apple Releases New ‘Romeo and Juliet’ Ad Highlighting iPhone 7’s Camera https://t.co/5fzFI03oHk #AppleNews #iPhone7 https://t.co/nDnnNeszj4",FALSE,4,NA,2016-12-06 14:05:11,FALSE,NA,"806137413366140928",NA,"<a href=""http://bufferapp.com"" rel=""nofollow"">Buffer</a>","iPhoneHackx",1,FALSE,FALSE,NA,NA
"63","#Apple touts the #iPhone7 camera in new ‘Romeo and Juliet’ themed commercial
<ed><U+00A0><U+00BD><ed><U+00B1><U+0089> https://t.co/ACZ7z4GQKi https://t.co/iaJv3sUQtY",FALSE,0,NA,2016-12-06 14:01:11,FALSE,NA,"806136405982408704",NA,"<a href=""http://www.hootsuite.com"" rel=""nofollow"">Hootsuite</a>","PickMod",0,FALSE,FALSE,NA,NA
"64","Is the iPhone 7 camera the best we've seen on a smartphone? Our test lab has the verdict: https://t.co/weJnItpTzE… https://t.co/5XiYaJB2Ca",FALSE,1,NA,2016-12-06 14:00:59,TRUE,NA,"806136356930015232",NA,"<a href=""http://www.hootsuite.com"" rel=""nofollow"">Hootsuite</a>","WhichTech",0,FALSE,FALSE,NA,NA
"65","RT @Shoji_NY: Micks took this picture and I was surprised about quality of iPhone 7's camera<ed><U+00A0><U+00BD><ed><U+00B8><U+0082><ed><U+00A0><U+00BD><ed><U+00B8><U+0082>
#projecttaro #iphone7 #<U+767D><U+9ED2> #<U+753B><U+8CEA> # https://t.co…",FALSE,0,NA,2016-12-06 13:57:36,FALSE,NA,"806135507377754112",NA,"<a href=""http://twitter.com/download/iphone"" rel=""nofollow"">Twitter for iPhone</a>","i_am_rei_0_",468,TRUE,FALSE,NA,NA
"66","#Apple #iPhone7 Explosion Caught on Camera $AAPL #iPhone7Plus #Note7 https://t.co/XuluQhE73N 
@www_mfor_hu https://t.co/hs5pKArPac",FALSE,3,NA,2016-12-06 13:54:09,FALSE,NA,"806134636225007616",NA,"<a href=""http://twitter.com"" rel=""nofollow"">Twitter Web Client</a>","andreascseh",2,FALSE,FALSE,NA,NA
"67","RT @Shoji_NY: Micks took this picture and I was surprised about quality of iPhone 7's camera<ed><U+00A0><U+00BD><ed><U+00B8><U+0082><ed><U+00A0><U+00BD><ed><U+00B8><U+0082>
#projecttaro #iphone7 #<U+767D><U+9ED2> #<U+753B><U+8CEA> # https://t.co…",FALSE,0,NA,2016-12-06 13:50:12,FALSE,NA,"806133645224210433",NA,"<a href=""http://twitter.com/download/iphone"" rel=""nofollow"">Twitter for iPhone</a>","fs5yne06XVSv4T7",468,TRUE,FALSE,NA,NA
"68","RT @Shoji_NY: Micks took this picture and I was surprised about quality of iPhone 7's camera<ed><U+00A0><U+00BD><ed><U+00B8><U+0082><ed><U+00A0><U+00BD><ed><U+00B8><U+0082>
#projecttaro #iphone7 #<U+767D><U+9ED2> #<U+753B><U+8CEA> # https://t.co…",FALSE,0,NA,2016-12-06 13:48:46,FALSE,NA,"806133281297027072",NA,"<a href=""http://twitter.com/download/iphone"" rel=""nofollow"">Twitter for iPhone</a>","manaayatwins021",468,TRUE,FALSE,NA,NA
"69","RT @Angiecre8: Finished #painting?
Then took #photo with #iphone7 #camera &amp; got a fresh perspective on #ipadscreen
Amazing tools 4 #artists…",FALSE,0,NA,2016-12-06 13:40:18,FALSE,NA,"806131150611775488",NA,"<a href=""http://twitter.com/#!/download/ipad"" rel=""nofollow"">Twitter for iPad</a>","Fabiottino",24,TRUE,FALSE,NA,NA
"70","RT @Shoji_NY: Micks took this picture and I was surprised about quality of iPhone 7's camera<ed><U+00A0><U+00BD><ed><U+00B8><U+0082><ed><U+00A0><U+00BD><ed><U+00B8><U+0082>
#projecttaro #iphone7 #<U+767D><U+9ED2> #<U+753B><U+8CEA> # https://t.co…",FALSE,0,NA,2016-12-06 13:36:39,FALSE,NA,"806130231773794304",NA,"<a href=""http://twitter.com/#!/download/ipad"" rel=""nofollow"">Twitter for iPad</a>","Shoji__Jr",468,TRUE,FALSE,NA,NA
"71","RT @Shoji_NY: Micks took this picture and I was surprised about quality of iPhone 7's camera<ed><U+00A0><U+00BD><ed><U+00B8><U+0082><ed><U+00A0><U+00BD><ed><U+00B8><U+0082>
#projecttaro #iphone7 #<U+767D><U+9ED2> #<U+753B><U+8CEA> # https://t.co…",FALSE,0,NA,2016-12-06 13:28:21,FALSE,NA,"806128144386166784",NA,"<a href=""http://twitter.com/download/android"" rel=""nofollow"">Twitter for Android</a>","12O8O623",468,TRUE,FALSE,NA,NA
"72","RT @Shoji_NY: Micks took this picture and I was surprised about quality of iPhone 7's camera<ed><U+00A0><U+00BD><ed><U+00B8><U+0082><ed><U+00A0><U+00BD><ed><U+00B8><U+0082>
#projecttaro #iphone7 #<U+767D><U+9ED2> #<U+753B><U+8CEA> # https://t.co…",FALSE,0,NA,2016-12-06 13:16:42,FALSE,NA,"806125211238035456",NA,"<a href=""http://twitter.com/download/iphone"" rel=""nofollow"">Twitter for iPhone</a>","R_GUN_LDH",468,TRUE,FALSE,NA,NA
"73","RT @Shoji_NY: Micks took this picture and I was surprised about quality of iPhone 7's camera<ed><U+00A0><U+00BD><ed><U+00B8><U+0082><ed><U+00A0><U+00BD><ed><U+00B8><U+0082>
#projecttaro #iphone7 #<U+767D><U+9ED2> #<U+753B><U+8CEA> # https://t.co…",FALSE,0,NA,2016-12-06 12:53:30,FALSE,NA,"806119372766859264",NA,"<a href=""http://twitter.com/download/iphone"" rel=""nofollow"">Twitter for iPhone</a>","zarusaya",468,TRUE,FALSE,NA,NA
"74","RT @Shoji_NY: Micks took this picture and I was surprised about quality of iPhone 7's camera<ed><U+00A0><U+00BD><ed><U+00B8><U+0082><ed><U+00A0><U+00BD><ed><U+00B8><U+0082>
#projecttaro #iphone7 #<U+767D><U+9ED2> #<U+753B><U+8CEA> # https://t.co…",FALSE,0,NA,2016-12-06 12:49:06,FALSE,NA,"806118266527621120",NA,"<a href=""http://twitter.com/download/iphone"" rel=""nofollow"">Twitter for iPhone</a>","punpun_shoji",468,TRUE,FALSE,NA,NA
"75","RT @Shoji_NY: Micks took this picture and I was surprised about quality of iPhone 7's camera<ed><U+00A0><U+00BD><ed><U+00B8><U+0082><ed><U+00A0><U+00BD><ed><U+00B8><U+0082>
#projecttaro #iphone7 #<U+767D><U+9ED2> #<U+753B><U+8CEA> # https://t.co…",FALSE,0,NA,2016-12-06 12:48:49,FALSE,NA,"806118197019611137",NA,"<a href=""http://twitter.com/download/iphone"" rel=""nofollow"">Twitter for iPhone</a>","MDance3190",468,TRUE,FALSE,NA,NA
"76","RT @Shoji_NY: Micks took this picture and I was surprised about quality of iPhone 7's camera<ed><U+00A0><U+00BD><ed><U+00B8><U+0082><ed><U+00A0><U+00BD><ed><U+00B8><U+0082>
#projecttaro #iphone7 #<U+767D><U+9ED2> #<U+753B><U+8CEA> # https://t.co…",FALSE,0,NA,2016-12-06 12:36:27,FALSE,NA,"806115082765668353",NA,"<a href=""http://twitter.com/download/iphone"" rel=""nofollow"">Twitter for iPhone</a>","______M_0517",468,TRUE,FALSE,NA,NA
"77","RT @Shoji_NY: Micks took this picture and I was surprised about quality of iPhone 7's camera<ed><U+00A0><U+00BD><ed><U+00B8><U+0082><ed><U+00A0><U+00BD><ed><U+00B8><U+0082>
#projecttaro #iphone7 #<U+767D><U+9ED2> #<U+753B><U+8CEA> # https://t.co…",FALSE,0,NA,2016-12-06 12:34:55,FALSE,NA,"806114696805765121",NA,"<a href=""http://twitter.com/download/iphone"" rel=""nofollow"">Twitter for iPhone</a>","MMM_____6633",468,TRUE,FALSE,NA,NA
"78","RT @Shoji_NY: Micks took this picture and I was surprised about quality of iPhone 7's camera<ed><U+00A0><U+00BD><ed><U+00B8><U+0082><ed><U+00A0><U+00BD><ed><U+00B8><U+0082>
#projecttaro #iphone7 #<U+767D><U+9ED2> #<U+753B><U+8CEA> # https://t.co…",FALSE,0,NA,2016-12-06 10:57:07,FALSE,NA,"806090084978020353",NA,"<a href=""http://twitter.com"" rel=""nofollow"">Twitter Web Client</a>","momonngamomonn3",468,TRUE,FALSE,NA,NA
"79","RT @Shoji_NY: Micks took this picture and I was surprised about quality of iPhone 7's camera<ed><U+00A0><U+00BD><ed><U+00B8><U+0082><ed><U+00A0><U+00BD><ed><U+00B8><U+0082>
#projecttaro #iphone7 #<U+767D><U+9ED2> #<U+753B><U+8CEA> # https://t.co…",FALSE,0,NA,2016-12-06 10:56:01,FALSE,NA,"806089810163044352",NA,"<a href=""http://twitter.com/download/iphone"" rel=""nofollow"">Twitter for iPhone</a>","kotonecchi_0710",468,TRUE,FALSE,NA,NA
"80","RT @Shoji_NY: Micks took this picture and I was surprised about quality of iPhone 7's camera<ed><U+00A0><U+00BD><ed><U+00B8><U+0082><ed><U+00A0><U+00BD><ed><U+00B8><U+0082>
#projecttaro #iphone7 #<U+767D><U+9ED2> #<U+753B><U+8CEA> # https://t.co…",FALSE,0,NA,2016-12-06 10:53:27,FALSE,NA,"806089162994520071",NA,"<a href=""http://twitter.com/download/iphone"" rel=""nofollow"">Twitter for iPhone</a>","Psfj38ciS6xyiD9",468,TRUE,FALSE,NA,NA
"81","RT @Shoji_NY: Micks took this picture and I was surprised about quality of iPhone 7's camera<ed><U+00A0><U+00BD><ed><U+00B8><U+0082><ed><U+00A0><U+00BD><ed><U+00B8><U+0082>
#projecttaro #iphone7 #<U+767D><U+9ED2> #<U+753B><U+8CEA> # https://t.co…",FALSE,0,NA,2016-12-06 10:30:48,FALSE,NA,"806083461324804097",NA,"<a href=""http://twitter.com/download/android"" rel=""nofollow"">Twitter for Android</a>","NRo7CRAZY",468,TRUE,FALSE,NA,NA
"82","RT @Shoji_NY: Micks took this picture and I was surprised about quality of iPhone 7's camera<ed><U+00A0><U+00BD><ed><U+00B8><U+0082><ed><U+00A0><U+00BD><ed><U+00B8><U+0082>
#projecttaro #iphone7 #<U+767D><U+9ED2> #<U+753B><U+8CEA> # https://t.co…",FALSE,0,NA,2016-12-06 10:26:28,FALSE,NA,"806082373469151232",NA,"<a href=""http://twitter.com/download/iphone"" rel=""nofollow"">Twitter for iPhone</a>","_elly24soul_",468,TRUE,FALSE,NA,NA
"83","RT @Shoji_NY: Micks took this picture and I was surprised about quality of iPhone 7's camera<ed><U+00A0><U+00BD><ed><U+00B8><U+0082><ed><U+00A0><U+00BD><ed><U+00B8><U+0082>
#projecttaro #iphone7 #<U+767D><U+9ED2> #<U+753B><U+8CEA> # https://t.co…",FALSE,0,NA,2016-12-06 10:21:06,FALSE,NA,"806081021972123649",NA,"<a href=""http://twitter.com/download/iphone"" rel=""nofollow"">Twitter for iPhone</a>","Nonoka_0716",468,TRUE,FALSE,NA,NA
"84","RT @Shoji_NY: Micks took this picture and I was surprised about quality of iPhone 7's camera<ed><U+00A0><U+00BD><ed><U+00B8><U+0082><ed><U+00A0><U+00BD><ed><U+00B8><U+0082>
#projecttaro #iphone7 #<U+767D><U+9ED2> #<U+753B><U+8CEA> # https://t.co…",FALSE,0,NA,2016-12-06 10:18:17,FALSE,NA,"806080312933351424",NA,"<a href=""http://twitter.com/download/iphone"" rel=""nofollow"">Twitter for iPhone</a>","SoRa_248",468,TRUE,FALSE,NA,NA
"85","RT @Shoji_NY: Micks took this picture and I was surprised about quality of iPhone 7's camera<ed><U+00A0><U+00BD><ed><U+00B8><U+0082><ed><U+00A0><U+00BD><ed><U+00B8><U+0082>
#projecttaro #iphone7 #<U+767D><U+9ED2> #<U+753B><U+8CEA> # https://t.co…",FALSE,0,NA,2016-12-06 10:15:28,FALSE,NA,"806079602460233728",NA,"<a href=""http://twitter.com/download/android"" rel=""nofollow"">Twitter for Android</a>","Anri__JP",468,TRUE,FALSE,NA,NA
"86","#Apple's new iPhone 7 #ad features the cutest 'Romeo and Juliet' ever https://t.co/J9N65JFtNW #romeoandjuliet #camera #iphone7",FALSE,0,NA,2016-12-06 10:13:03,FALSE,NA,"806078994894438400",NA,"<a href=""http://www.google.com/"" rel=""nofollow"">Google</a>","Xtechnews",0,FALSE,FALSE,NA,NA
"87","#MSys brings you latest offer! Get #Cannon camera on enrollment with any of our courses or get #iphone7 with group… https://t.co/aeyYWWybGw",FALSE,0,NA,2016-12-06 10:03:34,TRUE,NA,"806076608767410176",NA,"<a href=""http://twitter.com"" rel=""nofollow"">Twitter Web Client</a>","Msys008",0,FALSE,FALSE,NA,NA
"88","RT @Shoji_NY: Micks took this picture and I was surprised about quality of iPhone 7's camera<ed><U+00A0><U+00BD><ed><U+00B8><U+0082><ed><U+00A0><U+00BD><ed><U+00B8><U+0082>
#projecttaro #iphone7 #<U+767D><U+9ED2> #<U+753B><U+8CEA> # https://t.co…",FALSE,0,NA,2016-12-06 10:02:32,FALSE,NA,"806076350524104704",NA,"<a href=""http://twitter.com/download/iphone"" rel=""nofollow"">Twitter for iPhone</a>","shoji_love_rina",468,TRUE,FALSE,NA,NA
"89","RT @Shoji_NY: Micks took this picture and I was surprised about quality of iPhone 7's camera<ed><U+00A0><U+00BD><ed><U+00B8><U+0082><ed><U+00A0><U+00BD><ed><U+00B8><U+0082>
#projecttaro #iphone7 #<U+767D><U+9ED2> #<U+753B><U+8CEA> # https://t.co…",FALSE,0,NA,2016-12-06 10:00:02,FALSE,NA,"806075721701474305",NA,"<a href=""http://twitter.com/download/iphone"" rel=""nofollow"">Twitter for iPhone</a>","moe0508_ny",468,TRUE,FALSE,NA,NA
"90","RT @Shoji_NY: Micks took this picture and I was surprised about quality of iPhone 7's camera<ed><U+00A0><U+00BD><ed><U+00B8><U+0082><ed><U+00A0><U+00BD><ed><U+00B8><U+0082>
#projecttaro #iphone7 #<U+767D><U+9ED2> #<U+753B><U+8CEA> # https://t.co…",FALSE,0,NA,2016-12-06 09:53:47,FALSE,NA,"806074145855258626",NA,"<a href=""http://twitter.com/download/iphone"" rel=""nofollow"">Twitter for iPhone</a>","gM5fUdsbi6McM0X",468,TRUE,FALSE,NA,NA
"91","RT @Shoji_NY: Micks took this picture and I was surprised about quality of iPhone 7's camera<ed><U+00A0><U+00BD><ed><U+00B8><U+0082><ed><U+00A0><U+00BD><ed><U+00B8><U+0082>
#projecttaro #iphone7 #<U+767D><U+9ED2> #<U+753B><U+8CEA> # https://t.co…",FALSE,0,NA,2016-12-06 09:47:41,FALSE,NA,"806072612782678016",NA,"<a href=""http://twitter.com/download/iphone"" rel=""nofollow"">Twitter for iPhone</a>","Ruka_3JSB_",468,TRUE,FALSE,NA,NA
"92","RT @GulPanag: Also, #pixel front camera is way better than #iphone7 's  . For #elfie purpose",FALSE,0,NA,2016-12-06 09:42:06,FALSE,NA,"806071206134706176",NA,"<a href=""http://twitter.com"" rel=""nofollow"">Twitter Web Client</a>","rahulbajaj",14,TRUE,FALSE,NA,NA
"93","RT @Shoji_NY: Micks took this picture and I was surprised about quality of iPhone 7's camera<ed><U+00A0><U+00BD><ed><U+00B8><U+0082><ed><U+00A0><U+00BD><ed><U+00B8><U+0082>
#projecttaro #iphone7 #<U+767D><U+9ED2> #<U+753B><U+8CEA> # https://t.co…",FALSE,0,NA,2016-12-06 09:40:16,FALSE,NA,"806070745642115072",NA,"<a href=""http://twitter.com/download/iphone"" rel=""nofollow"">Twitter for iPhone</a>","ru_yuto_ka",468,TRUE,FALSE,NA,NA
"94","RT @Shoji_NY: Micks took this picture and I was surprised about quality of iPhone 7's camera<ed><U+00A0><U+00BD><ed><U+00B8><U+0082><ed><U+00A0><U+00BD><ed><U+00B8><U+0082>
#projecttaro #iphone7 #<U+767D><U+9ED2> #<U+753B><U+8CEA> # https://t.co…",FALSE,0,NA,2016-12-06 09:37:21,FALSE,NA,"806070012398030849",NA,"<a href=""http://twitter.com/download/iphone"" rel=""nofollow"">Twitter for iPhone</a>","maaasa_xxx",468,TRUE,FALSE,NA,NA
"95","Apple's new iPhone 7 ad features the cutest Romeo… https://t.co/uvlODXfSPO #RomeoAndJuliet #Camera #Ad #Iphone7 #Apple Add @iSocialMediaSea",FALSE,0,NA,2016-12-06 09:30:08,FALSE,NA,"806068193802350592",NA,"<a href=""http://dlvr.it"" rel=""nofollow"">dlvr.it</a>","iSocialMediaSea",0,FALSE,FALSE,NA,NA
"96","RT @Shoji_NY: Micks took this picture and I was surprised about quality of iPhone 7's camera<ed><U+00A0><U+00BD><ed><U+00B8><U+0082><ed><U+00A0><U+00BD><ed><U+00B8><U+0082>
#projecttaro #iphone7 #<U+767D><U+9ED2> #<U+753B><U+8CEA> # https://t.co…",FALSE,0,NA,2016-12-06 09:29:09,FALSE,NA,"806067949924552705",NA,"<a href=""http://twitter.com/download/android"" rel=""nofollow"">Twitter for Android</a>","hyt03126kyoki",468,TRUE,FALSE,NA,NA
"97","RT @Shoji_NY: Micks took this picture and I was surprised about quality of iPhone 7's camera<ed><U+00A0><U+00BD><ed><U+00B8><U+0082><ed><U+00A0><U+00BD><ed><U+00B8><U+0082>
#projecttaro #iphone7 #<U+767D><U+9ED2> #<U+753B><U+8CEA> # https://t.co…",FALSE,0,NA,2016-12-06 09:28:31,FALSE,NA,"806067789286895616",NA,"<a href=""http://twitter.com/download/iphone"" rel=""nofollow"">Twitter for iPhone</a>","aoi_aym_ms",468,TRUE,FALSE,NA,NA
"98","RT @Shoji_NY: Micks took this picture and I was surprised about quality of iPhone 7's camera<ed><U+00A0><U+00BD><ed><U+00B8><U+0082><ed><U+00A0><U+00BD><ed><U+00B8><U+0082>
#projecttaro #iphone7 #<U+767D><U+9ED2> #<U+753B><U+8CEA> # https://t.co…",FALSE,0,NA,2016-12-06 09:27:30,FALSE,NA,"806067531475582976",NA,"<a href=""http://twitter.com/download/android"" rel=""nofollow"">Twitter for Android</a>","KURUMI73692098",468,TRUE,FALSE,NA,NA
"99","RT @Shoji_NY: Micks took this picture and I was surprised about quality of iPhone 7's camera<ed><U+00A0><U+00BD><ed><U+00B8><U+0082><ed><U+00A0><U+00BD><ed><U+00B8><U+0082>
#projecttaro #iphone7 #<U+767D><U+9ED2> #<U+753B><U+8CEA> # https://t.co…",FALSE,0,NA,2016-12-06 09:21:03,FALSE,NA,"806065909907353601",NA,"<a href=""http://twitter.com/download/iphone"" rel=""nofollow"">Twitter for iPhone</a>","24k_1207",468,TRUE,FALSE,NA,NA
"100","RT @Shoji_NY: Micks took this picture and I was surprised about quality of iPhone 7's camera<ed><U+00A0><U+00BD><ed><U+00B8><U+0082><ed><U+00A0><U+00BD><ed><U+00B8><U+0082>
#projecttaro #iphone7 #<U+767D><U+9ED2> #<U+753B><U+8CEA> # https://t.co…",FALSE,0,NA,2016-12-06 09:18:56,FALSE,NA,"806065376316399617",NA,"<a href=""http://twitter.com/download/iphone"" rel=""nofollow"">Twitter for iPhone</a>","taronymomoko",468,TRUE,FALSE,NA,NA
